002A,T5622,S5624,S3975,S3974,S5627,S5628,S5629,S1069,S5631,T1442
002B,T1442,S5635,S1189,S3989,S3986,S1188,S1187,S5641,S5642,S5644,T5622
003A,T5622,S5784,S5785,S5786,S5788,S5789,S5790,S5791,S5793,S5794,S5795,S5796,T5797
003B,T5797,S5800,S5801,S5802,S5803,S5805,S5807,T5622
004A,T0,S5904,S5905,S5906,S719,S5908,T679
004B,T680,S5912,S684,T0
005A,T0,S2,S3,S4,S5,S6,T7
005B,T7,S10,S11,S12,S13,S14,S15,S17,S19,T0
006A,T0,S6095,S6097,S6098,S6099,S6100,S3630,S6102,S6104,S6105,T5548
006B,T5548,S6109,S6110,S6111,S6112,S6113,S6115,S6116,S6117,S732,S684,T0
007A,T0,S6144,S696,S700,T702
007B,T702,S6150,S6151,S6153,S6155,S19,S3730,T0
008A,T0,S6162,S6164,S6164,S6165,S6166,S6167,S725,S726,T6170
008B,T728,S5912,S6173,S6174,T0
009A,T0,S5435,S415,S417,S630,S6184,S346,S6186,S6188,S635,S6190,S6191,S6192,S6194,S6195,S6196,S6197,S6198,S6200,S6201,S6202,T6203
009B,T6203,S6206,S6207,S6208,S352,S6211,S6001,S5357,T0
010A,T0,S6219,S415,S629,T3846
010B,T3846,S14,S15,S380,S6229,S6231,T0
011A,T20,S5870,S5260,S6238,S6240,S216,T1043
011B,T1043,S6246,S6247,T0
012A,T0,S1530,S5259,S5260,S5262,S5263,S1527,S216,T1325
012B,T3711,S5269,S5271,S32,S1535,S34,T0
013A,T0,S5279,S1530,S1527,S5283,T1043
013B,T1596,S5288,S5289,S5290,S5291,S1535,T5296
014A,T0,S853,S5300,S216,S254,T1043
014B,T113,S5310,S5312,S5314,S5315,S1370,S5318,S5320,S5321,S5323,T0
015A,T0,S5327,S5328,S5188,S5331,S5332,S3284,S5335,S5336,S5337,S5338,S5339,S5340,S5341,S5342,T5343
015B,T5344,S5346,S5347,S5078,S5349,S3288,S5246,S5246,S5249,S5355,S5356,S5357,T0
016A,T0,S5361,S5362,S415,S417,S5368,S345,T5371
016B,T5371,S352,S5375,S14,S5378,S380,S384,S5382,S5384,T0
017A,T0,S5389,S3751,S5392,S4189,S3565,S4190,S5398,S5400,S5401,S99,S5403,S5404,S102,S5407
017B,T103,S879,S880,S3040
018A,T0,S2823,S5416,S5417,S904,S5419,S5420,S5007,S99,S5423,S5424,T103
018B,T103,S4179,S3760,S880,S881,T0
019A,T0,S5435,S5435,S414,S415,S630,S5441,S346,S635,T638
019B,T638,S5448,S5449,S5450,S352,S15,S5357,T0
020A,T21,S5460,S5260,S465,S5283,S217,S205,S206,S5468
020B,T225,S229,S5473,S5474,S241,S5476,S5478,S5479
021A,S5480,S5482,S5483,S5485,S5331,S5487,S574,S3284,S5491,S5492,S5338
021B,S5338,S5496,S5246,S5382,S5502,S5356,S5505,T0
023A,T0,S1183,S757,S5535,S5537,S5535,S4102,S4104,S5544,S766,T768
023B,T5548,S5550,S5551,S5552,S682,S335,S684,S486,T0
026A,T5559,T5561
026B,T21,S5564,S5564,S5568,S231,S5571,S5572,S5574,S1728,S5577,T3099
028A,T1497,S5581,S5583,S5584,S5585,S5587,S5589,S5590,S2790,S5460,T5593
028B,T21,S5596,S1366,S5598,S5599,S5600,S5602,T1497
029A,T21,S5606,S41,S43,S5610,S47,S5613,S5615,T75
029B,T75,S5619,S81,T21
030A,T21,S23,S24,S25,S26,S27,T28
030B,T28,S31,S32,S33,S34,S35,T37
031A,T0,S3813,S5649,S5650,S5652,S2879,T2880
031B,T2880,S684,S5658,S5659
035A,T0,S5663,S5664,S5665,S5666,S5667,T5668
035B,T728,T5668,S5672,S5673,S5674,S5675,S5677,S5678,S1695,S5680,S3177,S5682,S5683,T0
036A,T0,S40,S41,S42,S43,S44,S46,S47,S49,S50,S51,S52,S53,T54
036B,T54,S57,S58,S33,S60,S34,S62,S63,T0
038A,T0,S5188,S5189,S5190,S5192,S5194,S415,S417,S630
038B,T3846,S422,S5202,S5203,S5204,S5205,S5206,T0
039A,T1994,S5210,S5211,S5213,S3061,T5215
039B,T5215,S5218,S5219,S5220,S880,S5222,T0
040A,T0,S676,T679
040B,T680,S684,S5231,T0
041A,T0,S5811,S5812,S5813,S365,S5815,S5435,S5817,S5818,S5820,S5821,T370
041B,T370,S5825,S369,S5828,S5829,S378,S380,S620,S5834,S5357,T0
043A,T0,S67,S68,S69,S70,S71,S72,S73,S74,T75
043B,T75,S78,S79,S80,S81,S82,S33,S60,S62,T0
044A,T0,S3725,S5840,S5328,S5842,S5843,S5844,S5845,S5847,S3284,S3284,S5850,T5241
044B,T5241,S5854,S3288,S5246,S5246,S5249,S5382,S5860,S19,S5356,S5863,T0
046A,T75,S5867,S5868,S5869,S5870,S5871,T0
046B,T0,S5876,S5877,S5878,S5880,S5881,S5882,S57,S5885,S5886,T75
048A,T0,S3882,S3884,S5892,S4162,S914,S1830,T2497
048B,T2497,S2799,S1535,T0
050A,T0,S5917,S5918,S5919,S5921,T5922
050B,T5922,S5925,S5926,S5927,S5928,S5929,S1960,S4179,S5933,S3760,S880,T0
051A,T5938,S1672,S1673,S5943,S5944,S1677,S5946,S5947,S5949,S1682,S5951,S5952,S5953,T5954
051B,T5954,S5957,S1697,S5959,S5680,S5962,S5963,S5964,S5965,S5966,T0
052A,T0,S5970,S5435,S5972,S415,S582,S5977,S5978,S5979,S591,S5981,S593,S595,S596,T5985
052B,T5985,S5988,S5989,S5990,S5991,S14,S5994,S5203,S15,S5998,S620,S6001,S19,S6003,T0
055A,T0,S6007,S2225,S4145,S4146,S6012,S6014,S6015,S1069,S6017,T1442
055B,T1442,S6021,S1188,S6024,S6025,S3162,T0
056A,T0,S3213,S3215,S6032,S3217,S6034,S6035,S6036,T3219
056B,T3219,S6040,S6041,S5965,S3177,S881,T0
058A,T0,S3166,S3217,S6053,S6054,S1734,S6057,S6059,S6060,T6061
058B,S6063,S6064,S6065,S6066,S6067,S6068,T0
061A,T1328,S2194,S553,S6076,S6077,S5513,S2943,S6081,S238,S6083,T244
061B,T244,S567,S569,S6089,S6091,T1328
064A,T89,S91,S92,S94,S95,S96,S97,S98,S99,S100,S101,S102,T103
064B,T103,S106,S108,S109,S110,S111,T89
065A,T113,S115,S116,S117,T118
065B,T118,S121,S122,S123,T132
066A,T133,S135,T136
066B,T136,T133
067A,T113,S142,S143,S144,S145,S146
067B,T147,S150,S151,S152,S153,T113
070A,T155,S157,S158,S160,S161,S162,S164,S165,S166,S167,T168
070B,T168,S171,S172,S173,S175,S177,S179,S180,S181,T155,T183
071A,T155,S187,T183
071B,S175,S179,S192,S193,T155
072A,T195,T197
072B,T197,S200,T201
074A,T202,S204,S205,S206,S207
075A,T208,S210,T211
075B,T212,S214,T208
076A,T232,S3944,S6125,S6126,S2879,T2880
076B,T2880,S566,S567,S569,S6136,S6138,S6139,S6140,T251
078A,S216,S217,S219,S205,S222,S206,T113
078B,T225,S227,S228,S229,S231,T232
079A,T232,S235,S237,S238,S239,T240
079B,S241,S242,S243,T244,S246,S247,S243,S249,T232
080A,T251,S216,S254,S222,S206,T225
080B,T225,S261,S262,S263,S231,S241,S267,S268,S243,T251
081A,S271,S205,T251,S276,S277,S278,S280,S282,S283,S285,S286,S287,T288
081B,T288,S291,S292,S293,S294,S296,S297,S299,S300,S301,S302,S303,S304,S305,S306,T251
082A,T251,S310,S312,S313,S314,S315,S316,T317
082B,T168,S320,S321,S171,S323,S173,S326,S327,S329,S181,S332,S334,S335,S243,T251
084A,T232,S340,S341,S342,S345,S346,S347,T349
084B,T350,S352,S353,T232
085A,T232,S357,T358
085B,T358,S361,T232
088A,T251,S365,S367,S368,S369,T370
088B,T370,S373,S375,S376,S378,S380,S382,S384,S385,S387,T251
090A,T251,S3814,S480,S5044,S5047,S5048,S5049,T118
090B,T2166,S5053,S5054,S3040,S3162,S243,T251
092A,T251,S5063,S5064,S5065,S5067,S5069,S5070,S5071,S5072,T5073
092B,T5073,S5076,S5077,S5078,S5079,T251
093A,T251,S391,S392,S393,S394,S395,S396,S397,T398
093B,T398,S402,S403,S405,S406,S408,S410,S411,T251
094A,T251,S414,S415,S417,T418
094B,T418,S421,S422,S423,S14,S427,S384,S385,S431,T251
095A,T251,S436,S437,S438,S440,S441,S442,S443,S444,S445,S446,S447,T448
095B,T448,S451,S453,S455,S456,S457,S458,S431,T251
096A,T251,S465,S466,S467,S468,T470
096B,T470,S242,S475,S243,T251
098A,T251,S480,S482,T0
098B,T0,S486,S487,S243,T251
099A,T232,S493,S494,S495,T497
099B,T497,S500,S501,S503,S504,S505,T251
100A,T251,S509,S494,S512,S514,S516,S517,T497
100B,T497,S503,S522,S523,T251
102A,T251,S528,S529,S530,S531,S532,S533,T534
102B,T534,S304,S539,S504,S543,S523,T251
103A,T232,S550,S551,S552,S553,S554,S555,S27,S557,T558
103B,T558,S561,S562,S563,S564,S566,S567,S569,S570,T251
104A,T232,S574,S575,S576,S414,S415,S415,S581,S582,S583,S585,S587,S588,S590,S591,S592,S593,S594,S595,S596,T597
104B,T597,S600,S601,S602,S603,S605,S606,S607,S608,S609,S611,S613,S614,S14,S14,S617,S380,S620,S385,S623,T251
105A,T232,S415,S417,S629,S630,S631,S633,S635,S636,S637,T638
105B,T638,S641,S642,S643,S645,S646,S647,S648,S649,S651,S352,S422,S14,S658,S659,S660,S620,S662,S623,T251
107A,T232,S365,T668
107B,T668,S385,T232
112A,T232,S676,S677,S678,T679
112B,T680,S682,S684,T685
114A,T232,S688,S690,S691,S436,S694,S695,S696,S698,S700,S701,T702
114B,T702,S705,S706,S378,S378,S709,S711,S385,S662,S715,T251
116A,T232,S719,S720,S722,S724,S725,S726,S727,T728
116B,T728,S731,S732,S733,S684,S243,T251
117A,T251,S739,S740,S722,S743,S744,T745
117B,T745,S748,S749,S750,S732,S752,S243,T251
118A,T251,S757,S758,S759,S760,S761,S762,S763,S764,S765,S766,T767
118B,T768,S770,S771,S772,S773,S774,S775,S775,S777,S779,S780,S781,S782,S783,S569,S785,T251
120A,T232,S789,S791,S792,S793,S794,S795,S796,S797,T798
120B,T798,S801,S802,S803,S804,S805,S805,S807,S808,S809,S300,S301,S302,S304,S815,S816,S817,S523,S819,S820,S821,T232
121A,T232,S825,S826,S828,S829,S830,S831,S832,S833,S834,T835
121B,T835,S838,S304,S539,S842,S306,T232
122A,T232,S847,S480,S482,S853,S855,S855,S855,S860,S861,S863,S864,T865
122B,T865,S868,S869,S870,S871,S872,S874,S876,S877,S879,S880,S881,T251
123A,T251,S436,S5063,S3284,S5064,T5241
123B,T5242,S3288,S3288,S5246,S5248,S5249,S709,S385,S431,T251
139A,T883,S885,S887,S888,S889,S890,S891,S892,T893
139B,T894,S896,S897,S898,S899,T900
140A,T54,S91,S904,S99,S100,S907,S908,S102,T103
143A,T883,S913,S914,S915,T916
143B,T916,S919,S920,T883
144A,T54,S925,S926,S927,S928,S929,S930,T931
144B,T931,S934,S936,S937,S920,S899,S941,T883
146A,T883,S945,S946,S947,S949,S950,S951,S952,T953
146B,T953,S956,S957,S958,S960,S962,S964,S965,T54
147A,T883,S969,S970,S971,S972,S973,S974,S975,S976,T977
149A,S898,T883,S981,S982,S925,S984,S985,S914,S987,S927,S928,S991,S992,S993,T994
149B,T994,S997,S998,S999,S1000,S1001,S937,S1003,S898,S1005,S899,S1007,T883
155A,T1009,S1011,S1013,S1014,S1015,S925,T1017,S1018
155B,T1017,S1022,S1023,S1025,T75
156A,T1028,S217,S205,S1032,S206,T113
156B,T113,S1037,S1038,S1039,T1028
157A,T1028,T1043
157B,T1044,S1038,T1028
159A,T1048,S468,S1051,S1052,T1053
159B,T1053,S1056,S1057,T1048
163A,T1059,S1061,S1062,S1064,S1065,S1067,S1068,S1069,S1070,S1071,T244
163B,T244,S1075,S1076,S1077,S1078,S1079,T1059
164A,T1081,S945,T1009
164B,T75,S965,S1088,S1007,T1081
165A,T1081,S1093,S1094,S1095,S1096,S1097,T1098
165B,T1099,S1101,S1102,S1103,S965,S1105,S1106,T1081
166A,T1081,S1110,S1111,S1112,S947,S949,S950,S1117,T953
166B,T953,S1121,S1122,S1123,S1125,T1081
167A,T1127,S1129,T75
167B,T75,S1133,S1135,T1127
170A,T1137,S1139,S914,S925,S1145,T1146
170B,T1146,S1149,S937,S1153,S1154,S999,T1161
172A,T1137,S1164,S1166,T244
172B,T240,S1171,S1173,S1149,S937,S1001,S998,S934,S1179,T1180
173A,T1181,S1183,T1184
173B,T1184,S1187,S1188,S1189,S1191,S1192,S1193,T1181
174A,T1195,S1197,S1198,S1199,S1201,S1202,S1204,S1205,T1206
174B,T1207,S1209,S1210,S1212,S1214,T1215
175A,T1216,S1218,S1220,S1221,S1222,S1223,S1224,S1225,S1221,S1228,S1229,S1205,T1206
175B,T1207,S1235,S1236,S1237,S1238,S1239,S1240,S1210,S1243,T1216
176A,T1246,S1228,S43,S1250,S1251,S1252,S1205,T1206
176B,T1207,S1235,S1258,S1238,S1239,S1240,S1210,S1243,S1267,S1269,S1214,S1271,T1246
177A,T1195,S1276,S1277,S1278,S1279,S1280,T113
177B,T113,S1284,S1285,S1269,T1195
178A,T1288,S1290,S1291,S1292,S1293,S1294,S1295,S74,S1297,T75
178B,T75,S1301,S1302,S1303,S1304,S1305,S1306,T1288
185A,T894,S891,S981,S1312,S1313,T900
185B,T900,S1317,S1318,S1319,S1320,S1321,S1322,S1323,T894
186A,T1325,S1327,T1328
186B,T1328,S1331,S1333,S569,S1336,S1337,S1338,S1339,S1340,S1341,T1043
188A,T1206,T1345
188B,T1345,S1348,S1350,S1102,S152,T1043
192A,T1206,S1357,S1358,S1359,T1360
192B,T1360,S1363,S1364,S1366,S1368,S1369,S1370,T1043
193A,T1206,T1374
193B,T1374,S1377,S1366,S1379,S1380,S1381,S1370,T1043
196A,T1044,S1386,S1387,S1388,S1389,S1390,T470
196B,T470,S1394,S1395,S1396,S1397,T1043
200A,T1206,T1401
200B,T1401,T1043
201A,T1325,S1407,S1408,S1387,T202
201B,T202,S1413,S1397,T1325
202A,T1416,T1418
202B,T1418,T1043
203(1)A,T1206,S1424,T132
203(1)B,T132,T1043
203(2)A,T1206,S1431,T132
203(2)B,T132,S1435,T1043
204A,T1416,S1439,S1441,T1442
204B,T1442,T1043
205A,T1416,S1448,S1449,T1450
205B,T1450,T1043
206A,T1416,S1456,S1457,S1458,S1449,T1450
206B,T1450,S1463,S1464,S1465,T1043
207A,T1467,S1469,S237,T1471
207B,T1471,S1474,T1467
208A,T1416,S1478,S1479,T1442
208B,T1442,S1483,T1416
209A,T1206,S1487,S1489,S44,T1492
209B,T1492,S1370,T1043
210A,T1497,T1499
210B,T1499,T1043
211A,T1503,S726,T745
211B,T728,S1509,S1510,T1043
212A,T1467,T244
212B,T240,T1043
214A,T1467,S1520,T1521
214B,T1521,T1467
216A,T1044,S1527,S465,S1530,S1531,T0
216B,T0,S1535,S1537,S1539,S241,S1542,T1043
219A,T1044,S1546,S1547,S465,T0
219B,T0,S82,S1553,S1370,S1370,T1043
221A,T1558,S1560,S1562,S1564,S1566,S1568,S1570,S1571,S1572,S1573,S282,S1575,T534
221B,T534,S1579,S1580,S1581,S1582,S1583,S1584,S1585,S1586,S1588,S1589,S1591,S1592,S1594,T1558
222A,T1596,S1598,S1599,S1600,T1601
222B,T1601,S1604,S1606,S1608,S1609,S1611,S1612,S1613,S1615,T1596
223A,T113,S1619,S1620,S1621,S1622,S1623,S1624,S1625,T1626
223B,T1626,S1629,S1630,S1632,S1633,S153,S1636,T113
224A,T113,S1640,S466,S466,S1643,T1028
224B,T1028,S1647,S1648,S1649,T113
225A,T113,S1619,S1620,S1655,T1656
225B,T1656,S1659,S1660,S1662,S110,S1350,S1668,T113
226A,T2197,S5510,S1387,S5513,S27,S26,S2901,S1388,S5519,S552,S5521,T3443
226B,T3443,S1336,S200,S5527,T2196
227A,T113,S1672,S1673,S1675,S1677,S1678,S1680,S1682,T1684
227B,T1684,S1687,S1688,S1689,S1690,S1691,S1693,S1695,S1697,S1698,S1699,S1701,S1703,S1704,S1705,S111,T113
228A,T113,S1710,S1713,S1096,S1129,S1716,S1717,T1099
228B,T1099,S110,S1723,S111,S1726,S1728,T113
230A,T113,S1732,S863,S1734,S864,S1736,S1737,S1738,S1739,S1740,S1741,T1742
230B,T1742,S1745,S1659,S1747,S1748,S1749,S1350,T113
231A,T113,S1754,S1755,S1757,S1758,S1759,S1760,S1761,S1762,T1763,S1764
231B,T1763,S1767,S1768,S1769,S1705,S1772,S110,S1775,S1776,S1777,S1778,T113
232A,T113,S278,S282,T534
232B,T534,S1787,S1788,T1789
235A,T211,S1792,S1793,S1754,S1795,S1796,S1797,S1798,T251
235B,T232,S1802,S1803,S1804,S1769,S1806,S1807,S1808,S1810,S1811,S1813,S1815,S1816,S1818,S1820,T211
236A,T212,S210,S2294,S1830,S981,T1081
236B,T1081,S1022,S1854,S1855,S1857,S1858,S1859,S1815,S1863,S1865,S1867,S1869,S1870,S1872,S1873,T1874
237A,T211,S1877,S1878,S1880,S1881,S1883,S1885,S1886,S1887,S1754,S1890,S1891,S1892,S1894,T1895
237B,T1896,S1898,S1899,S1900,S1806,S1807,S1808,S1811,S1813,S1815,S1816,S1818,T211
238A,T211,S1918,S1877,S1880,S1922,S1923,S1924,S1925,S1926,S1927,T1206
238B,T1043,S1931,S1932,S1933,S1934,S1811,S1937,S1813,S1815,S1816,S1818,S1820,T211
239A,T211,S1948,S1949,S1877,S1878,S1754,S1954,S1956,T1957
239B,T1957,S1960,S1961,S1806,S1963,S1964,S1811,S1937,S1813,S1818,S1971,S1973,T211
240A,T211,S1949,S1979,S1877,S1878,S1880,S1987,S1923,S1989,S1990,S117,S1992,S1993
240B,T1994,S151,S1998,S2000,S2002,S2003,S2004,S1811,S1937,S1813,S1818,S1820,T211
241A,T1503,S2015,S2016,S2018,S2019,S2020,T2021
241B,T2022,S332,S1586,S2026,S1589,S2028,T1043
242A,T211,S1878,S1880,S1987,S1883,S2037,S2038,T1099
242B,T1099,S1815,S1818,S1971,T211
243A,T211,S1878,S1880,S2052,S1883,S1792,S2057,S2059,S1754,S1732,T2062
243B,T2062,S2065,S2067,S1808,S2070,S1811,S1813,S1818,S1820,S1971,T211
244A,T212,S2082,S2083,S1166,T2086
244B,T1028,S1647,S1648,S1649,T113,T2086,S1149,S937,S1153,S1000,S2093,S2094,S214,S2096,S2097,T211
246A,T211,S1949,S1979,S1877,S1878,S1880,S2108,S2109,S1792,S2111,S1887,S1754,T2116
246B,T1957,S1769,S1964,S1869,S1811,S2125,S1813,S1815,S1818,S2129,T211
247A,T118,S2133,S2134,S2136,T54
247B,T54,S2140,S2141,S2142,S2143,T118
248A,T118,S2147,S2148,S2149,T113
248B,T113,S1632,S2154,S2155,S121,T118
249A,T118,T75
249B,T75,S2163,S2164,S2165,T2166
251A,T118,S1276,S2170,S2171,S206,S2173,T1146
251B,T1146,S2177,S2178,S2179,S1102,S2181,S2165,S2184,S2185,T118
254A,T2187,S2189,S2190,S2191,S2192,S2194,S2195,T2196
254B,T2197,S2199,S2200,S2201,S564,S566,S569,S2208,T2187
255A,T2210,S2212,S187,S2020,S2018,S1570,S2220,S2221,S2222,S2224,S2225,T1206
255B,T1206,S1589,S2231,S2232,S2233,S2234,S2235,S1586,S2237,S2239,S326,S175,T2210
256A,T2244,S2246,S2247,S316,S167,S165,S162,S187,S2253,S2254,S2255,S2256,S1570,S2220,S2221,S2262,S2263,S2222,S2266,S2268,S2269,S2271,T244
256B,T244,S2275,S2276,S171,S2278,S321,S2280,S2282,S2283,T2244
260A,T2285,S2287,S2288,S2289,S2290,S2291,S210,S2293,S2294,S2295,S2296,S2298,S914,S2300,T2301
260B,T2301,S1003,S1154,S2093,S2094,S2308,S2097,S2311,T2285
262A,T2313,S2315,S2316,S2289,S2318,S2300,T2301
262B,T2301,S2323,S2324,T2313
263A,T2166,S2328,S117,S2330,S2332,S2333,S2334,S2335,S853,S2337,S1798,S2340,S2341,T2342
263B,T835,S2345,S504,S306,S2351,S2352,S2354,S2355,S2356,S2357,S2359,S881,S2362,S2363,S2364,S2365,S2366,T2166
264A,T2368,S2370,S2371,S2373,S1923,S2375,S1877,S1949,S2380,T211
264B,T211,S1818,S1815,S1863,S2387,S2388,S2390,S1933,S2394,S1932,T2368
265A,T75,S1111,S2401,S2403,T2404
265B,T2404,S2407,S2409,S2410,T75
266A,T75,S2414,T2415
266B,T2415,T75
267A,T75,S2421,S2422,S2423,S2424,S2425,S2426,S2428,S2429,T2431
267B,T2431,S2434,S2435,S2436,S2437,S2438,T75
269A,T75,S2442,S2443,T1216
269B,T1216,S2447,T75
270A,T75,S2451,S2452,S2453,S2454,S2455,S991,S2457,S2458,S993,T994
270B,T994,S2463,S2464,S934,S934,S2467,S2468,T75
271A,T2470,S2472,S2473,S2474,S2475,S890,S891,T2478
271B,T894,S2481,S2482,S2483,S2484,S2486,S2487,S2488,S1123,S2409,T2470
273A,T2470,S2495,T2496
273B,T2497,S2437,S2488,S2438,S1123,T2470
274A,T75,S2508,S2509,S2510,T1601
274B,T1601,S2515,S2516,S2517,T75
275A,T75,S2522,S2523,S1573,S280,S282,S2528,S286,S2530,T288
275B,T288,S2534,S294,S2536,S1581,S2540,S2541,S1585,S332,S2547,S1588,S1589,S1592,S2555,S2517,S2559,S2561,S2562,T75
276A,T2470,S2566,S2567,S2294,S2293,S210,S2291,S2289,S2288,T2575
276B,T2575,S2578,S2311,S2580,S2437,S2582,S2583,S2438,S1123,T75
277A,T2470,S2589,S2590,S2591,S2592,S928,S2594,S2595
277B,T2596,S998,S2599,S2600,S2468,S2488,S2583,S1123,S2608,T2470
278A,T1009,S2612,S2613,S2614,S2615,T2616
278B,T2616,T2619
281A,T75,S2622,S947,S949,S950,S2627,S2628,T953
281B,T953,S2632,S1122,S2634,S2635,S2636,S2637,T75
282A,T2470,S2641,S2082,T2643
282B,T2643,S2646,S2647,S2649,S2650,S2652,S2488,S2438,S2409,T75
283A,T75,S1011,S1018,S2664,S2665,S2666,S925,S2668,S2669,S2318,S2672,S2673,T2674
283B,T2674,S2677,S1025,T75
284A,T75,S2682,S2683,T2684
286A,T75,S2687,T2688
286B,T2688,T75
287A,T75,T2694
287B,T2695,S2697,T75
288A,T75,S2702,S43,T1492
288B,T1492,S2707,S2708,T75
290A,T75,S1979,S1949,T211
290B,T211,S958,T75
291A,T75,S2721,T2497
291B,T2497,S2468,T75
293A,T75,S2495,S2730,S2731,T2732
293B,T2732,S2735,S2409,T75
295A,T75,S949,T2741
295B,T2741,T75
296A,T75,S949,S2748,T953
296B,T953,S2752,S2634,T75
298A,T2187,S2757,S2758,S551,S2760,S2194,S2763,S2764,T2196
298B,T2196,S2768,S2769,S1340,S2773,S2775,S1337,S564,S566,S569,S2782,S2784,T2187
299A,T2497,S2788,S2790,S1530,S2792,T0
299B,T0,S2796,S2797,S2799,S2801,S2802,S2803,S1001,T2497
300A,T2497,S2808,S2809,S2810,S2811,S2812,T0
300B,T0,S78,S2818,S2819,T2497
301A,T2497,S2823,S2824,S2825,S99,S907,S102,T103
302A,T2497,S1717,S2836,S2837,T2838
302B,T2838,S2841,S111,S2843,S2178,S2803,T2497
303A,T2497,S2849,S1717,S2851,S2852,S1754,S1954,T1957
303B,T1957,S1769,S1961,S1705,S1772,S1350,S1023,S2178,T2497
305A,T75,S6251,S6252,S1925,S6254,S1923,S6258,S2052,S1880,S6262,S6263,S2375,S210
305B,S6266,S2468,S2583,T75
306A,T2497,S1223,S117,T118
307A,T470,S552,S2879,T2880
307B,T2880,S564,S2885,S2886,T470
308A,T470,S205,T113
308B,T113,S2895,S2896,S2897,T470
309A,T470,S2901,S1387,S2903,S2904,T1044
309B,T1044,S561,S1337,S2911,S2897,T470
310A,T470,S1530,S2925,T0
310B,T0,S231,S1039,S2938,T470
311A,T470,S235,S2943,S238,S2945,T244
311B,T244,S2949,S2950,S2951,S2952,S2953,S2954,S2955,S2956,S1337,S2958,S2897,T470
313A,T2838,S2963,T2964
313B,T2964,S874,T2838
314A,T2838,S2971,S853,S2974,S2975,S2976,T251
314B,T232,S2355,S2981,S2982,S2357,T2838
317A,T2838,T0
317B,T0,S2991,T2838
318A,T2838,S1993,S2335,S2998,S3000,S3001,S2522,S3003,S3004,S2523,S3007,S3008,S278,S280,S282,T534
321A,T2838,S3016,S722,S3020,S726,S3022,T3023
321B,T3023,S3026,S3027,S3028,S3030,S3032,S3034,S3035,S3036,S682,S3039,S3040
322A,T2838,S3043,S1927,S3046,T113
322B,T113,S3050,S1350,S3053,S3055,T2838
324A,T2838,S1732,S3060,S3061,T3062
324B,T3062,S3065,T2838
325A,T2838,S3069,S3070,T2062
325B,T2062,S3074,S874,T2838
326A,T2838,S1732,S3081,S3082,S3083,S3085,T865
326B,T865,S3089,S3090,S3092,S3074,S3094,T2838
328A,T2838,S3098,T3099
328B,T3099,T2838
331A,T0,S3105,S3106,S3107,S3108,S238,T3110
331B,T244,S35,S3114,T0
333A,T0,S2522,S3004,S2523,S1573,S278,S3124,S2528,S286,T288
333B,T288,S682,S335,S3137,T0
334A,T0,S3142,S509,S833,S3146,S3147,S3148,S3149,T3150
334B,T3150,S3153,S3155,S3156,S301,S303,S306,S752,S3162,T0
336A,T0,S3166,S3167,S144,S3169,S3170,S3171,T147
336B,T147,S3176,S3177,T0
337A,T0,T3182
337B,T679,S3185,S684,S3137,T0
338A,T0,S3192,T3193
339A,T0,T534
339B,T534,T0
342A,T0,S3202,S3204,T1742
342B,T1742,S3208,S451,T0
343A,T0,S3213,S3215,S3216,S3217,S3218,T3219
343B,T3219,S3222,S3223,T0
344A,T0,S3227,S3228,S3229,T2062
344B,T2062,S3233,S880,S881,T0
345A,T470,T251
345B,T232,S3243,S2931,T470
347A,T0,S3248,T745
347B,T745,S3252,T0
348A,T0,T3256
348B,T3256,S752,T0
349A,T0,S3263,T3264
349B,T3264,T0
351A,T497,S517,S3271,S494,S509,S3142,S3277,S3278,S3279,S393,S3281,S3282,S3283,S3284,T3285
351B,T3285,S3288,S3290,S3291,S503,S3294,S3295,S3296,T497
353A,T497,S3300,S3301,T3302
353B,T3302,S3305
356A,T558,S3308,S552,S2194,S551,S3313,S3314,S3315,S3316,S3317,T251
356B,T251,S3321,S569,S3323,S2885,S3326,S3327,T28
357A,T28,S3331,T470
357B,T470,S3335,T28
363A,T3337,S3339,S3340,S3341,T75
363B,T75,S3345,S3346,S3347,S3348,S3349,S3350,S3351,S3352,T3337
366B,T54,S3357,S32,S62,S3360,S3361,S3362,T2688
367A,T2688,S3366,T113
367B,T113,S3370,S2799,S3372,S3373,S3375,S3377,S1364,S3380,S3381,S3382,T2688
368A,T244,S3386,S3387,S2194,S551,T1328
368B,T1328,S3393,S3394,S3395,T244
369A,T244,S2673,S1312,S1313,S3402,T883
369B,T883,S3406,S3407,S3408,T244
373A,T244,S3412,S3413,S2191,S3415,S3416,T2187
373B,T2187,S3420,S569,S2958,S3424,S3425,S3426,S3427,S3395,T244
376A,T244,S3433,S3434,S3435,S3436,S3437,S2195,S553,S3441,S3442,T3443
376B,T3443,S1336,S1336,S1337,S1339,S561,S3451,S3453,S3454,S3455,S3427,S3458,S3395,T244
377A,T5685,S5687,S5688,S831,S833,S834,S3147,S5694,S5695,T798
377B,T798,S5699,S5700,S801,S5702,S5703,S3153,S5705,S5706,S300,S5710,S5712,S5713,S5714,S5715,S504,S684,S486,S5721,T0
378A,T0,S5726,S3752,S1891,S5730,S1892,S5733,S5734,T5735
378B,T3757,S1747,S5739,S3760,S879,S880,S5746,T0
380A,T0,S829,S831,S5752,S5753,T5754
380B,T835,S5757,S302,S5712,S5760,S304,S5762,S842,S523,S2352,S5769,S5770,T0
381A,T5772,T448
381B,T448,S5777,S451,S5779,T0
383A,T244,S3464,S3465,S3466,S3467,T679
383B,T679,S3185,S3472,S3473,S3474,T244
384A,T244,S3478,S722,S3020,S726,S727,T745
384B,T745,S3486,S3487,S2547,S2026,S3490,T244
385A,T2616,S3494,S2879,T2880
385B,T2880,S3499,S3500,S1336,S1337,T2616
386A,T2616,S2220,S1570,S2523,S3512,S1573,S278,S282,S2528,S286,S3519,T288
386B,T288,S3523,S3524,S1580,S1582,S3527,S2540,S3529,S1585,S3531,T2616
387A,T2616,S3535,S2220,S1570,S3539,S3540,S3541,T3542
387B,T3542,S3545,S3546,S3547,S3548,S3305,S3552,S332,S1586,S2547,S1588,S1337,T2616
388A,T2616,S3565,S3567,S3568,S99,S3570,S3572,T103
388B,T103,S3576,S1768,S1772,S110,S1350,S3584,S3585,T2616
389A,T2616,S2220,S1570,S2523,S3512,S1573,S278,T534
389B,T534,S3601,S2885,S1336,S3326,S1337,T2616
391A,T2616,S3609,T136
391B,T136,T195
393A,T136,S235,S3617,S239,T244
393B,T244,S3622,S3623,S3426,T136
394A,T136,S3628,S3629,S3630,S3632,S3634,S3635,S3636,S3637,T679
394B,T679,S3641,S3642,S3643,T136
395A,T136,S3647,S3649,S3651,T1043
395B,T1044,S2028,S3657,S3658,T136
397A,T136,S2523,S3663,S3664,T534
397B,T534,S3668,T136
398A,T136,S3672,S3674,S3675,S3676,T679
398B,T679,S3032,S3642,S3682,S1606,S3684,T136
399A,T136,S3688,S3689,T251
399B,T251,S3693,S569,S3696,S3682,T136
400A,T136,S552,S553,S3704,S3705,S468,S3708,S3709,S466,T3711
400B,T3711,S1336,S3715,S3682,S3684,T136
401A,T136,S551,S482,S3725,S3726,T448
401B,T448,S3730,S3732,S2357,S486,S2356,S1331,S569,S567,S3741,T136
402A,T136,S3745,S482,S3748,S3750,S3751,S3752,S1890,S1891,S2,T3757
402B,T3757,S3760,S880,S3040,S3162,S752,S569,S567,S3642,S3682,S1606,T136
403A,T136,S3777,S3778,T113
403B,T113,S3783,T136
404A,T136,S574,S3788,S3284,T3790
404B,T3790,S3793,S3794,S566,S3323,S3642,T136
405A,T136,T0
405B,T0,S3642,T136
406A,S4187,S4188,S4189,S4190,S4191,S4192,S99,S102,T103,T136,S1600,S3810,S551,S3813,S3814,S480,S853,S2335,S1993,S3819,S3820,S3821,S3823,S3824,S3825,T1957
406B,T103,T1099,T1957,S3829,S3760,S880,S3833,S3835,S1331,S3642,S3839,T136
408A,T136,S415,S417,S629,T3846
409A,T136,S551,S3851,S853,S3854,S3856,S3751,S3070,S3083,S1734,T865
409B,T865,S3092,S3868,S2357,S2357,S486,S487,S1331,S3876,S3682,S3684,T136
410A,T136,S3882,S3884,S3885,S3886,S1111,S3888,S2401,S3891,T2404
410B,T2404,S3895,S3897,S3899,S3584,S3585,T136
412A,T136,S3906,S3907,T3908
412B,T900,S3911,S3912,S3783,T136
414A,T136,S3917,S1570,S3919,S1573,S278,S282,T534
414B,T534,S3926,S3927,S3642,S3839,S3682,S1606,S3684,S1609,T136,S3642
415A,T136,S2510,S3942,S3943,S3944,S3946,T3948
415B,T3948,S3951,S3952,S3953,S3954,S3956,S3957,S3958,S782,S3927,S3642,S3682,S1606,T136
416A,T2086,S3968,S3970,S3972,S3973,S3974,S3975,S3976,S3977,S3978,T1184
416B,S3980,S3981,S3982,S3983,S1188,S3986,S3988,S3989,S3990,S3991,T2086
417A,T136,S239,T244
417B,T244,S1464,S4001,S4002,S4003,S4004,T136
419A,T4006,S4008,S4009,S4010,S4011,S4013,S4014,S4015,S4016,S4018,T4020
419B,T4020,S4023,S4024,S4025,S4026,S4027,S4029,S4030,S4031,T1043
420A,T2086,S4035,S4036,S4037,S4038,S4039
420B,S1339,S4041,S4042,S4043,T2086
421A,T1497,S4047,T680
421B,T680,S4051,S4052,T1206
422A,T1043,S280,S282,S2528,S286,S4062,S4063,T288
422B,T4065,S4067,S1581,S4069,S1585,S332,S1586,S3487,S1588,S1589,S1613,T1206
423A,T4006,S4083,S4085,S4086,T136
423B,T136,S4090,S4091,S4092,T4006
424A,T4006,S4096,S4097,S4098,S759,S760,S4101,S4102,S4104,S4105,S765,S766,T768
424B,T768,S4027,S1613,S1615,S4116,T4006
425A,T1043,S4120,S4121,S4122,S4101,S4102,S765,S4127,T768
425B,T768,S771,S4132,S4134,S4136,S4137,S773,S1613,S2517,T1206
428A,T1043,S4145,S4146,S4147,S4148,S759,S4150,S4151,S4152,S4153,T4154
428B,T4154,S4156,S4027,T1206
431A,T1206,S4162,S914,T2497
431B,T2497,S937,S4168,T1206
434A,T1099,S4172,S4173,T1896
434B,T1896,S4177,S4179,T1099
435A,T1099,S2823,S4185,S4186,S4187,S4188,S4189,S4190,S4191,S4192,S99,S102,T103
435B,T103,T1099
436A,T1099,S4201,S4202,S4203,T4204
436B,T4204,S4207,S4208,S4209,T1099
437A,T1099,T4214
437B,T4214,S1705,T1099
438A,T1099,S4221,S4222,S2668,S4224,S4225,S1166,T244
438B,T244,S4230,S1777,S4232,S1668,S1025,S1102,S2165,T1099
441A,T4238,S2212,T183,S4242
441B,T183,T4238
442A,T4238,T2022
442B,T2022,T4238
443A,T4238,S4254,T4255
443B,T4255,T4238
444A,T4259,S4261,S4263,S4265,S1313,S4268,S4269,T883
444B,T54,S4273,S2094,S2096,S2097,S4278,S4279,S4280,S2578,S4283,S4284,T4259
445A,T4259,S4261,S2288,S2289,S4292,S3884,S2133,S4296,T1043
445B,T1206,S4300,S4301,S4302,S214,S2096,S2097,S4278,S2311,S2578,S4310,T4259
446A,T4259,S4314,S4315,S2288,S4317,S4319,S4320,S4320,S4322,S4323,T75
446B,T75,S2093,S2094,S4329,S4330,S2096,S4333,S4278,S4279,S2578,S4284,T4259
447A,T4259,S4346,S4261,S4317,S1164,S4352,S1166,T244
447B,T244,S937,S1001,S4360,S4361,S214,S2097,S4278,S4279,S2578,S4284,T4259
449A,T132,S4373,S4374,S1297,T75
449B,T75,S4378,T132
452A,T132,S4382,S4383,S4384,S4386,S4388,T75
452B,T75,S1238,S4393,S4394,S4395,S4378,S4397,S4398,T132
454A,T1442,S4402,T1206
454B,T1043,S1613,S4408,S4409,S4410,S4411,S4412,T1442
455A,T1442,S4416,S4417,S3649,S4421,S4422,T75
455B,T75,S4427,S4409,S4410,T1442,S4427
456A,T1442,S1069,S4437,S4438,S1568,S2220,S1570,S2523,S4446,S4447,S278,S280,S282,T534
456B,T534,S3527,S1584,S1585,S3487,S2547,S4463,S4465,S4466,S4467,S4468,S4469,S4470,S1188,S3986,S3989,S1189,S4478,T1442
458A,T3443,S4482,S4483,S206,T113
458B,T113,S4488,S4489,S2199,S1336,S2885,T3443
463A,T1146,S4162,S914,S4499,S4501,S927,T916
463B,T916,S4506,S1000,S1153,S937,S4511,S4512,T1146
467A,T3099,S4516,S2371,T4518
467B,T4518,S1320,T3099
468A,T3099,S4525,S4526,S4527,T4528
468B,T4528,S4531,T3099
469A,T3099,S4101,S4536,T768
469B,T768,S4540,S4541,S4543,S4544,S4545,T3099
470A,T3099,T4549
470B,T4549,S4552,S4553,S4554,S4545,T3099
472A,T4557,S4559,S4560,S4561,S4562,S4564,S4565,T4566
472B,T4566,S4569,S1320,S4572,S4573,T4557
473A,T4557,S4577,S4578,S4579,S4580,S4581,S4582,T893
473B,T893,S1321,S1320,S4589,T4557
474A,T4557,S914,S4596,T4598
474B,T4598,S4601,T4557
476A,T4557,S914,S928,S993,T994
476B,T994,S999,S1153,S1001,S937,S1003,S4512,T4557
480A,T4623,S4625,S4626,S4627,S4628,S4626,S2289,S2296,S2566,S2472,S4635,S981,S1313,S4638,S4639,T54
480B,T54,S4643,S4644,S4645,S4646,T4623
485A,T2431,S915,S1164,S2318,T1146
485B,T1146,S1001,S1153,S4658,S2468,S4661,S4662,S4663,S4664,S4665,S4666,T2431
486A,T2431,S4670,S4671,S4672,S4673,S4674,S4675,S914,T1146
486B,T1146,S1153,S2652,S2468,S4683,S4684,S4663,S4686,S4665,S4689,T2431
488A,T2404,S2401,S4694,S4696,S1110,S4699,S2136,S4701,S4702,S4703,T1081
488B,T1081,S4707,S4708,S2583,S4710,S4711,S4712,S4713,S4714,T4715
490A,T2404,S4718,S4719,S4083,S2508,T136
490B,T136,S1023,S4727,S4729,S4731,S4711,S4734,S4735,S4714,S4739,T4715
492A,T75,S4743,S4744,S1992,S4747,S4749,S3171,S146,T4753
492B,T4753,S4756,S4758,S1239,S4760,T75
520A,T244,S4764,S914,S4501,S4769,S4771,S4772,S4773,S928,S991,T994
520B,T994,S934,S1000,S1153,S937,S4784,S4573,S4786,S4554,T244
521A,T244,S4792,S885,S4577,S4559,S4797,S4580,S4562,S4564,S890,S891,S4806,T893
521B,T893,S4810,S896,S1322,S4813,S1320,S4815,S4816,S4817,S4554,T244
522A,T244,S4822,S4823,S4824,S4825,S2401,S2403,T2404
522B,T2404,S4831,S2437,S2468,S4834,S937,S4554,T244
523A,T244,S4840,S4841,S4842,S4843,S4844,S4845,T4847
523B,T4847,S4850,S4851,S4852,S4853,S4855,S4856,S4857,S4858,T244
524A,T244,S4863,S2666,S914,S927,S928,S991,S4869,S4870,S4871,T4872
524B,T1137,S4875,S4876,S934,S1000,S1001,S937,T244
535A,T4715,S4884,S4870,S4869,S991,S2472,S4635,S1313,S4638,T54
535B,T54,S4895,S2468,S4897,S4898,S1845,S4900,T4715
536A,T4715,S4904,S4906,S915,S925,S4911,T1081
536B,T1081,S4915,S1000,S4917,S998,S934,S1179,S4922,S4924,T4715
538A,T4715,S4929,S4931,S4932,T75
538B,T75,S2583,S2488,S2437,S4900,S4922,S4943,S4944,S4924,S4947,S4948,T4715
539A,T4715,S4952,S4953,S4954,S4870,S4956,S4319,S4958,S4960,T1206
539B,T1206,S4964,S4965,S4966,S4967,S4968,S4900,S4922,S4944,S4924,S4947,S4948,T4715
540A,T4977,S2455,T212
540B,T212,T4977
542A,T4977,S2590,S2472,S4988,S2474,S2731,S890,S4993,T894
542B,T894,S4506,S2600,S2437,T4977
543A,T4977,S5004,S4190,S904,S5007,S100,S907,S102,T103
543B,T103,S5014,S5016,S5018,S5020,S1768,S5022,S1772,S5025
544A,T4977,S5028,S2641,S4675,S4771,T2497
544B,T2497,S2488,T4977
990A,T1043,S5083,S5084,S3341,S1925,S2370,S5088,S1792,T5090
994A,T3099,S4564,S890,T893
994B,T893,S5098,S5099,S5100,S5101,S5102,S4816,T3099
995A,T244,S2452,S5108,S5109,S2401,S4932,S5112,T4715
995B,T4715,S4714,S5117,S5118,S4712,S2437,S1153,S5124,S5126,S4573,S4816,S4786,S4554,T244
996A,T1601,S5136,S2510,S4085,S5139,S5140,S5141,T1043
996B,T4006,S1612,S3657,S5148,S3682,T1601
997A,T1206,S5152,S1431,T132
997B,T132,T1325,T1416
998A,T1558,S719,S5162,T679
998B,T679,S5166,S4051,S4052,T1503
999A,T0,S5172,S1734,T865
999B,T865,S868,S5178,S877,S880,S881,T0